commentId,parentId,videoId,textDisplay,publishedAt,authorDisplayName,authorProfileImageUrl
UgyF0NpfeUVmnaFRfgp4AaABAg,0,dIUTsFT2MeQ,"I'm looking for NLP because I want to learn a new language, and I've many ideas of tooling that could help me, however, I didn't find any pre-existing solutions out there for my specific ideas, so I need to get my hands dirty.",2022-04-24T03:44:21Z,Lucas Simoni,https://yt3.ggpht.com/69KrcyFD8D1RFSMOc9Kxu3bEqcQrRSpF0BIt4-QDRiDhH4ttkfBoa6hkdYi-kcbvoFSqdrF2aQ=s48-c-k-c0x00ffffff-no-rj
UgwELcist7r6DruxZDN4AaABAg,0,dIUTsFT2MeQ,"I teach in the Humanities (college literature and creative writing classes), and I'm actively searching for tools I can use for creative experiments with texts.",2022-04-18T23:14:08Z,Erica Walker,https://yt3.ggpht.com/ytc/AKedOLTeuke3K7o-onGxEX38TgMD4zMDwNX3KXOBWRm11aah-U_jknTRREmD56_d_O53=s48-c-k-c0x00ffffff-no-rj
Ugy7JVvOs8pgcsSueGd4AaABAg,0,dIUTsFT2MeQ,Was there ever a part2 made?,2022-04-18T22:53:16Z,Timothy W. Crane,https://yt3.ggpht.com/ytc/AKedOLSbe_dN7pTOyKLQtnQU108odnVKnSP2DEzb7nRxs14=s48-c-k-c0x00ffffff-no-rj
UgzjAv2Yf9RtJjTJ_PB4AaABAg,0,dIUTsFT2MeQ,Thanks for your awesome introduction :). Would love to have your next course on using spaCy for ML.,2022-04-18T02:45:43Z,Bilal Mahmood,https://yt3.ggpht.com/ytc/AKedOLRJndF8d9FLCsmWXUXxujXa19ScLVBVp6lit9JfAA=s48-c-k-c0x00ffffff-no-rj
Ugw8PUjjoKcEGkU_bu14AaABAg,0,dIUTsFT2MeQ,"text = open(""/content/evolution1.txt"").read() works better for me than the method he showed to read in text files...",2022-04-15T05:31:14Z,Zayden Tibbets,https://yt3.ggpht.com/ytc/AKedOLSiUt6iD-dDol798usqsffFtYXO5KWECuuCCxAUQ1sa55Cr5Q7JgjPM4KEfRHJV=s48-c-k-c0x00ffffff-no-rj
UgzVOZs4OpJv1welDIN4AaABAg,0,dIUTsFT2MeQ,Good :),2022-04-01T13:08:48Z,Jake Tech,https://yt3.ggpht.com/4oc_GKW35IbpS-D6ILMdeBzNHUMMeMDl0tTORJ2z2bBfTC4tQ-zepqWgav4j6uQxUE9wIoNvOL8=s48-c-k-c0x00ffffff-no-rj
UgwXXMAKi2qM8rif_HJ4AaABAg,0,dIUTsFT2MeQ,"Outstanding overview of Spacy, can't wait for part 2!  Thank you so much.",2022-03-30T04:27:14Z,Matt Fichtner,https://yt3.ggpht.com/ytc/AKedOLQCOxtW_AIFEi-Be8txigALkZakTfqU38_-oA=s48-c-k-c0x00ffffff-no-rj
UgxQCRj9McClfA4zPcZ4AaABAg,0,dIUTsFT2MeQ,can you please share the dataset,2022-03-28T05:16:40Z,Sai Pavan,https://yt3.ggpht.com/ytc/AKedOLRgTf6sWTNna3F1Ux_-CdAr8ca_qjIFkdhRuA=s48-c-k-c0x00ffffff-no-rj
UgwyPcwuyrIQq5w-Fql4AaABAg,0,dIUTsFT2MeQ,Thanks a lot,2022-03-23T08:38:55Z,Aakarshit Srivastava,https://yt3.ggpht.com/ytc/AKedOLTwOVpa_Bzss9n7xZ2GOKQGB17vFCKR95nmTdOGfF2jnIgH7KMNiexKrqhl94EN=s48-c-k-c0x00ffffff-no-rj
Ugx_SI1KQP53_sCkuEt4AaABAg,0,dIUTsFT2MeQ,Thanks for the amazing video! Is part two out?,2022-03-14T05:36:55Z,Sharat PC,https://yt3.ggpht.com/SirAkceXXqQpgAriOg-Ni0HTvHweiDyZ63HHHjQHsZ9MGyVWoi_rtD5NhL8V8rMlLGVHBMcbdsU=s48-c-k-c0x00ffffff-no-rj
UgwqBqpNG4qyIFjBrFZ4AaABAg,0,dIUTsFT2MeQ,"hi guys, great tutorial! Thanks for sharing it with us. I am not sure why this is happening but on the morphological analysis, the token2.morph gives a type error: TypeError: __repr__ returned non-string (type list), anyone can explain to me why this is happening? I am using google colab, thank you in advance",2022-03-07T09:37:34Z,Elton Silva,https://yt3.ggpht.com/ytc/AKedOLT8e3kiXWDnVoXCndHjWvv_T73V83t67lP02hwUhQ=s48-c-k-c0x00ffffff-no-rj
UgwqBqpNG4qyIFjBrFZ4AaABAg.9ZGZpHLWTY49ZiGPloWc6C,UgwqBqpNG4qyIFjBrFZ4AaABAg,dIUTsFT2MeQ,"Google Colab has an old version of spacy

do this:

!pip install spacy==3.0.1
import spacy
!python -m spacy download en_core_web_sm",2022-03-18T13:05:54Z,FjkgB,https://yt3.ggpht.com/4J2lo9ukoSfDGlbu1hfIe3XhWCw9GKeCJinsUSYf-zPjNO1MWJiNX4uYyAaF93Wkb4N6MdKHTkM=s48-c-k-c0x00ffffff-no-rj
UgyDPFkSKdTgiWlrXCx4AaABAg,0,dIUTsFT2MeQ,"I can't believe such good content is for free, thank you.",2022-03-05T15:53:00Z,Anas Salhi,https://yt3.ggpht.com/ytc/AKedOLRcZn37ihEeXk0qt4hw138K2AO4abQZ1BAl96J3qg=s48-c-k-c0x00ffffff-no-rj
Ugx0_iU__fNoDNmmaOR4AaABAg,0,dIUTsFT2MeQ,I am trying to find the files the instructor is using. Where are they? I cannot find any link to download them,2022-03-01T05:43:37Z,john,https://yt3.ggpht.com/ytc/AKedOLSV7-8opec8TRr_x4q9l9IJRVEH2fiOISi6Mg=s48-c-k-c0x00ffffff-no-rj
UgyNpmt-hfHxEJ__16t4AaABAg,0,dIUTsFT2MeQ,"Thank you for this fantastic video. Here's one question from vscode user. display.render(doc2, style='dep') has no reaction. I tried to find solutions on stack overflow but failed. Anyone can help? Many thanks.",2022-03-01T00:11:30Z,B Ben,https://yt3.ggpht.com/ytc/AKedOLSRQ1pEvUCMOAxKZOE7bKRgjBx7hScryqG-Ag=s48-c-k-c0x00ffffff-no-rj
Ugwv6nrXBLVnw4pezQ94AaABAg,0,dIUTsFT2MeQ,"So what happened to  
"" Neuro - Linguistic Programming""?",2022-02-28T15:38:55Z,Tommy Kennedy,https://yt3.ggpht.com/ytc/AKedOLSx3O3-ab73rtOeEEsQqrpkpo6l9CxDo8CudeNq=s48-c-k-c0x00ffffff-no-rj
UgyiA6QTeaMMgm7gPNV4AaABAg,0,dIUTsFT2MeQ,Best Helpline for those who really want to learn,2022-02-28T10:58:06Z,Michael Matthaei,https://yt3.ggpht.com/ytc/AKedOLQQ-5dCYDkfTX_kLprAg2QGn11uPcYeKzWOBp2zcKcxbXJyIEDDMA6tA_3n9iR3=s48-c-k-c0x00ffffff-no-rj
Ugz4fiuirQL5OT96o494AaABAg,0,dIUTsFT2MeQ,This video is very useful for me. Thanks for always bringing the great video. Mad respect from me,2022-02-28T00:26:30Z,Shofarul K,https://yt3.ggpht.com/ytc/AKedOLQbGZ1IMOd_PWdI64zzMye7OgWUlowWYgjrIjwr1g=s48-c-k-c0x00ffffff-no-rj
UgxoqkxErqNpmIryQcZ4AaABAg,0,dIUTsFT2MeQ,"future viewers that have OCD: beware!! ""print ()"" will be written many times! 
:P",2022-02-27T18:01:19Z,lusvd,https://yt3.ggpht.com/ytc/AKedOLSpeRLZblhsoOoDOvWPX_wN9Mo1iZJzXij26w=s48-c-k-c0x00ffffff-no-rj
UgyyiXub2Yl1pZl23bp4AaABAg,0,dIUTsFT2MeQ,"Everyone seemed to be asking for part 2, but this coverage is good enough - so good that I don't think it deserved a part 2, otherwise a large part is going to be lots of repetition.   I will keep exploring deeper based on this video itself.",2022-02-23T07:53:34Z,Peter Teoh,https://yt3.ggpht.com/ytc/AKedOLRIrNd5QOP3DTazedtdE66ZPkNBJipXTSlz0lcBQA=s48-c-k-c0x00ffffff-no-rj
UgyyiXub2Yl1pZl23bp4AaABAg.9YmUO3RMhIN9YmdtWuqHgy,UgyyiXub2Yl1pZl23bp4AaABAg,dIUTsFT2MeQ,"There are also a lot of other resources available (and free), if u have time to go through:   https://course.spacy.io/en/",2022-02-23T09:25:22Z,Peter Teoh,https://yt3.ggpht.com/ytc/AKedOLRIrNd5QOP3DTazedtdE66ZPkNBJipXTSlz0lcBQA=s48-c-k-c0x00ffffff-no-rj
UgyxKpXiWhGrxnYZRhh4AaABAg,0,dIUTsFT2MeQ,This is an amazing explanation of NLP..thanku so much sir ..waiting for part 2,2022-02-22T05:44:29Z,Divyata Gupta,https://yt3.ggpht.com/ytc/AKedOLTpwgtS5WylG9MkrpCGGOhCH0HXM2LWL8RXUs06=s48-c-k-c0x00ffffff-no-rj
Ugxjhe-fVTMaq1_BRMh4AaABAg,0,dIUTsFT2MeQ,repo with dataset: https://github.com/wjbmattingly/freecodecamp_spacy/tree/main/data,2022-02-21T16:00:24Z,Sade Benjamin,https://yt3.ggpht.com/ytc/AKedOLRg4SK5W8urPne0YlOHCLNhw8jHzOXH7Rp8jSBVSYfUOjWSNDUBQDKzcXkl2eaD=s48-c-k-c0x00ffffff-no-rj
Ugyt_9w7__QpUgULjW54AaABAg,0,dIUTsFT2MeQ,Love the work you are doing. Many thanks from India,2022-02-21T14:07:59Z,Sunny shailendra,https://yt3.ggpht.com/ytc/AKedOLT-enWqf2mQUycukPpv-F69Tc7W4gvhictb1YsGucI=s48-c-k-c0x00ffffff-no-rj
Ugwju53ETQR0gaY0CAB4AaABAg,0,dIUTsFT2MeQ,Hi and thank you very much for your tutorial. I really enjoyed it and looking forward to the second part of the tutorial,2022-02-20T22:32:50Z,MARTYNS NWAOKOCHA,https://yt3.ggpht.com/ytc/AKedOLQAS8AmoDlcEafr7FHAcee4nZ5igmD-vN4_MA=s48-c-k-c0x00ffffff-no-rj
UgzXLshqOgf7K6iESj14AaABAg,0,dIUTsFT2MeQ,"Thank you very much for making this video. I want to create my own corpus to analyze data. But as a newbie to Python, I found it really hard to start without a clear direction. Looking forward to Part 2!",2022-02-20T21:20:30Z,li xx,https://yt3.ggpht.com/ytc/AKedOLSsfJ2dm3UVJTp6INOk-kHa-7mILNCjaRg_Ew=s48-c-k-c0x00ffffff-no-rj
UgzI0A8_BeQfxiFtNM54AaABAg,0,dIUTsFT2MeQ,Great video,2022-02-14T20:01:12Z,Andrey Shepelyov,https://yt3.ggpht.com/ytc/AKedOLSxe_7XxuGq5nWHlMmSL88BZoiQ92jXR8yfyIQqDg=s48-c-k-c0x00ffffff-no-rj
UgxuH_HSugCHZJuruGJ4AaABAg,0,dIUTsFT2MeQ,"What should I do if I have a long text and I want to find a word like Denver Broncos and I want to know the four most similar words to it, like say Carolina Panthers or Jaguars or some other team?",2022-02-09T13:33:58Z,frithiof hellgren,https://yt3.ggpht.com/ytc/AKedOLQuSo0jRuifmg3Q8v_sOTYmJ-BB7EM8G5kEwm7jy6ruHksoXKrUkeVc0FKMjD5O=s48-c-k-c0x00ffffff-no-rj
UgwoiAnN-dpwYW8Nkll4AaABAg,0,dIUTsFT2MeQ,That was a very nice explanation and an awesome tutorial. Waiting for the machine learning part.,2022-02-03T15:26:01Z,Roudra Saha,https://yt3.ggpht.com/ytc/AKedOLTkynFNuEt2anOVlB6dBWmKweu3mItgzTI9HkkVhQ=s48-c-k-c0x00ffffff-no-rj
UgzlBAclWWYUf8wSPbB4AaABAg,0,dIUTsFT2MeQ,"Lol. spaCy's most recent build as of Feb 2, 2022 does properly identify West Chestertenfieldville as a GPE. https://youtu.be/dIUTsFT2MeQ?t=5131
EDIT: Just finished the course - A phenomenal piece of work. Thanks so much for doing this. I can tell you put in an incredible amount of time and effort to do this and you provide it so graciously for free. It is so much clearer than spacy's documentation. They have a new spacy 101 so I'll give that a go now to cement this all in the nogin. And yes, eagerly awaiting part 2.",2022-02-02T21:08:16Z,Machinima Aquinix,https://yt3.ggpht.com/ytc/AKedOLT0RZXU0WdtD3TmmGJrXMZDVktlwTLetHnhyA=s48-c-k-c0x00ffffff-no-rj
Ugyq2CLZOtjBr70Se8h4AaABAg,0,dIUTsFT2MeQ,Thanks for the depth with this library sir,2022-02-02T00:50:35Z,Brandon Ruiz,https://yt3.ggpht.com/ytc/AKedOLT634M-WpbSRJ-ljs1Z64ri0gNWYOzG1MNg9A=s48-c-k-c0x00ffffff-no-rj
Ugy0awgSYPJDqroWj9l4AaABAg,0,dIUTsFT2MeQ,"Excellent tutorial, thank you :) Looking forward to the second part!",2022-01-30T11:36:37Z,Ioannis Raptis,https://yt3.ggpht.com/ytc/AKedOLTJtfV6qZw4xT-qHFnNGemjVQbjnj4jd4Ui4A=s48-c-k-c0x00ffffff-no-rj
Ugz43V3bgW9ADo3MPLh4AaABAg,0,dIUTsFT2MeQ,This video is fantastic! I would really appreciate part 2,2022-01-29T02:20:20Z,Thomas Palka,https://yt3.ggpht.com/ytc/AKedOLQ4r1a2sGJEdMnIHSo7relq-uNVUC_DQ2DU8y3nzGHYF8Aj0ldk5IWI60owJDuk=s48-c-k-c0x00ffffff-no-rj
Ugy2E01lsVmiRIyLS7R4AaABAg,0,dIUTsFT2MeQ,Yes please for a part 2 on Machine Learning with Spacy!,2022-01-28T12:03:05Z,10milesfromnowhere,https://yt3.ggpht.com/ytc/AKedOLSTbnGgf8hJwrpuNiJK-vQVAEKhkuumPA-yjw=s48-c-k-c0x00ffffff-no-rj
UgzHcEulkKlY4v-rWqN4AaABAg,0,dIUTsFT2MeQ,Thanks for sharing this enlighting stuff about the spaCy framework! Is there a date when you're gonna publish part 2? Can't wait to learn about the machine learning applications of spaCy.,2022-01-28T02:05:26Z,Florian Will,https://yt3.ggpht.com/ytc/AKedOLRN-w0eiK0hooAhYAs7s2MgfWOvqtypMLAhpQ=s48-c-k-c0x00ffffff-no-rj
UgzRN5d_x4xl3LNyQeJ4AaABAg,0,dIUTsFT2MeQ,best three hours spent,2022-01-24T10:52:04Z,Jing Tao,https://yt3.ggpht.com/ytc/AKedOLQ5UujWjjBeHpAbYIcywdyJbuho0gAKngqjw3ba=s48-c-k-c0x00ffffff-no-rj
UgwgdD0isFKZR-9rUqp4AaABAg,0,dIUTsFT2MeQ,Thank you Dr. William. Looking forward for a part two.,2022-01-24T09:55:19Z,Константин Плужников,https://yt3.ggpht.com/ytc/AKedOLRt1j8aOVWriggmSrSbyR3xKPTlscSwgwqNIg=s48-c-k-c0x00ffffff-no-rj
UgyL9XRUlLmjzDiKFqp4AaABAg,0,dIUTsFT2MeQ,Can anyone help with the US wikipedia text file?,2022-01-20T10:58:31Z,Oluwaseyi Akalla,https://yt3.ggpht.com/ytc/AKedOLTA7wZ6TEOxyOEWSvgQPoYjqhGEelL-2itB1MrB9A=s48-c-k-c0x00ffffff-no-rj
Ugx6kUw4TFLblsN0kWZ4AaABAg,0,dIUTsFT2MeQ,Excellent tutorial. Straight into the subject. Hats off to you !!,2022-01-18T04:25:43Z,Anandachetan Elikapati,https://yt3.ggpht.com/ytc/AKedOLQL7ZHKiv6CE0YMJ-rNTCsw1O1u_tYSuttTkJ77vIioD7brTE17oWVIOCq7pgIn=s48-c-k-c0x00ffffff-no-rj
Ugzf-pSHwnhmp10VOSN4AaABAg,0,dIUTsFT2MeQ,"Thanks for the Nice Video. Good Explanation,

When can we expect Part-II",2022-01-17T04:08:42Z,Naveen Kumar L,https://yt3.ggpht.com/ytc/AKedOLQPOIj9SyzPzugKpA2RI4rIttoHDVB-BxPwiqrGzQ=s48-c-k-c0x00ffffff-no-rj
UgzO8qapmSGQNET86114AaABAg,0,dIUTsFT2MeQ,This is super awesome tutorial. Just what I need. Thanks!,2022-01-12T08:08:58Z,Yifeng Hou,https://yt3.ggpht.com/ytc/AKedOLTznJWWOhGm584ZPsU6MYiJbZbRX4ZdvvuqPA=s48-c-k-c0x00ffffff-no-rj
UgxoACYd-xl_SiVzGEl4AaABAg,0,dIUTsFT2MeQ,Great resource!,2022-01-10T15:56:18Z,Aimen Baig,https://yt3.ggpht.com/ytc/AKedOLQ6RJYb1olTiEGlDuBvLVnkWu-NrPuhEf9kEOiwwKg=s48-c-k-c0x00ffffff-no-rj
Ugy1wtj-1x_Nx_PINdB4AaABAg,0,dIUTsFT2MeQ,"Waiting for the second part ! This tutorial is perfect , thank you so much !",2022-01-07T13:58:38Z,Lila Costa Queiroz,https://yt3.ggpht.com/ytc/AKedOLSNYSnJGJJbFsJDvVk_VRUtmsPW7B2KpuzjhydwzbcQ8mBdlVOuwMnjX0zZZYXw=s48-c-k-c0x00ffffff-no-rj
UgwLm8Kwvru0FBGxnhR4AaABAg,0,dIUTsFT2MeQ,Eagerly waiting for the second part.,2022-01-01T19:40:59Z,Prasad Aher,https://yt3.ggpht.com/ytc/AKedOLSt7BQZmloY7yXsVPUZjxQb9hlujMRKzNCByOLgGw=s48-c-k-c0x00ffffff-no-rj
UgwFJonE6luXp9LcWG54AaABAg,0,dIUTsFT2MeQ,just perfect! Thank you very much :),2021-12-30T23:23:50Z,Lila Costa Queiroz,https://yt3.ggpht.com/ytc/AKedOLSNYSnJGJJbFsJDvVk_VRUtmsPW7B2KpuzjhydwzbcQ8mBdlVOuwMnjX0zZZYXw=s48-c-k-c0x00ffffff-no-rj
Ugz2TJte730-0iQuI8J4AaABAg,0,dIUTsFT2MeQ,Awesome content there Dr. William. I was really hyped during the series and every aspects of spaCy you've described perfectly. Now I'm interested on ML aspect of spaCY and It'd be great if you come with ML aspect of spaCy.,2021-12-30T12:41:33Z,Spoodyman,https://yt3.ggpht.com/ytc/AKedOLS5krTif0IVucPji6ncj728jFfFF-N8m8pQYwAP=s48-c-k-c0x00ffffff-no-rj
UgxojebWzpSszpzh-Wd4AaABAg,0,dIUTsFT2MeQ,"Mattingly, I thought I told you to trim those sideburns!",2021-12-28T17:14:05Z,synthstatic,https://yt3.ggpht.com/ytc/AKedOLTI_m8HC3sqveDWyGk-YuLCbIQl3QaxVan4DGaY=s48-c-k-c0x00ffffff-no-rj
UgxuWGRa1VTZRD8T0-R4AaABAg,0,dIUTsFT2MeQ,Thank you for the explanations. They are very clear and relevant. Excellent video.,2021-12-23T12:42:04Z,Jules de Ponte,https://yt3.ggpht.com/ytc/AKedOLTcmOIQbdyZNgqRPwtvqWLA8Byd82vMLHcX=s48-c-k-c0x00ffffff-no-rj
Ugyn1QjHe-VVXwnNc1x4AaABAg,0,dIUTsFT2MeQ,"Best Helpline for those who really want to learn NLP with ease and for free , can't wait for part 2",2021-12-21T10:52:00Z,yugioh8307,https://yt3.ggpht.com/ytc/AKedOLSnrWGUEcw2YtWuh0diaVbCbSIBKMfz3wbkGQ=s48-c-k-c0x00ffffff-no-rj
UgyaYfhRjK-NUZkMDfF4AaABAg,0,dIUTsFT2MeQ,Clicked this video by accident but got hypnotised by the shirt and now I'm learning Python.,2021-12-17T20:35:48Z,thesupermachak,https://yt3.ggpht.com/ytc/AKedOLSQPtXWp3MlyydkRnnezyBw7NZPYEAuuDW-tlm6=s48-c-k-c0x00ffffff-no-rj
UgzYmRaxUkNVTYL7FEl4AaABAg,0,dIUTsFT2MeQ,"So I want ask a question about similarity. If I want to compare tow sentences like ""I like apples."" and ""I don't like apples"" . They are different meanings , but the similarity is so high. How to avoid the situation that is too high similarity ?",2021-12-16T09:07:53Z,林益詠,https://yt3.ggpht.com/ytc/AKedOLSuKft_ScdcaqfxNAvVXfH0kOD5sbCms_v0Q46XMA=s48-c-k-c0x00ffffff-no-rj
UgxYRSkoov5aWbYM0r94AaABAg,0,dIUTsFT2MeQ,This should be the official tutorial of Spacy. Thank you very much for your time and effort. Waiting for part 2.,2021-12-15T19:29:11Z,Ankush Gaur,https://yt3.ggpht.com/wHYnP7MULgP1WPDvNU0eSFBb5_SZ_QqPcbj9DC0Bchj0ZNskIcaCMlfSr1LmTR-n9hdR1Sod=s48-c-k-c0x00ffffff-no-rj
UgzLuAX719W-zIoSQAN4AaABAg,0,dIUTsFT2MeQ,This is ready awesome teaching video. I feel highly interesting in the part two video.,2021-12-11T06:57:55Z,____ kklw,https://yt3.ggpht.com/ytc/AKedOLQAQ3oV68XOq1wLU9U0yglBlQSNg85nV1w6=s48-c-k-c0x00ffffff-no-rj
Ugy6QC9i79a1rVLbEnF4AaABAg,0,dIUTsFT2MeQ,Also an historian looking for ways to extract info from old documents. very looking forward to the second part.,2021-12-08T13:38:39Z,Giorgia Cecchinato,https://yt3.ggpht.com/ytc/AKedOLQfSmKSWg6PepcSUeTyvgHWZ7-oWLr1CgAKYyov0Q=s48-c-k-c0x00ffffff-no-rj
Ugy6QC9i79a1rVLbEnF4AaABAg.9Vgpf72LmZT9WJGgRBom9u,Ugy6QC9i79a1rVLbEnF4AaABAg,dIUTsFT2MeQ,"@Python Tutorials for Digital Humanities really looking forward to the next video.   One topic I have not seen you address is the question of tools for Annotation.   When working in specialized language domains, extra training of models is a key step.  As a newcomer, I have not yet found a process compatible with Spacy which is reasonably efficient.  Prodigy?",2021-12-23T21:13:52Z,Bill Donaldson,https://yt3.ggpht.com/ytc/AKedOLTRUxLubZ5DOC4YlOmosqPoVjj6zJmDL3K083K-xuE=s48-c-k-c0x00ffffff-no-rj
Ugy6QC9i79a1rVLbEnF4AaABAg.9Vgpf72LmZT9Voo6V6x3t2,Ugy6QC9i79a1rVLbEnF4AaABAg,dIUTsFT2MeQ,I am trying to have it out in early January.,2021-12-11T15:58:58Z,Python Tutorials for Digital Humanities,https://yt3.ggpht.com/ytc/AKedOLRzf9DjDet6VmtezIEN0wc_RAS9U21tSFFriCe8tQ=s48-c-k-c0x00ffffff-no-rj
UgxSGgJxTgVlsRFxJFV4AaABAg,0,dIUTsFT2MeQ,"Greate tutorial, please make a second part!",2021-11-29T17:06:55Z,Oleh Volosnik,https://yt3.ggpht.com/ytc/AKedOLQ27O_56DJnal1aAsPNTjTB0vLTtwjL_00ydZHYSA=s48-c-k-c0x00ffffff-no-rj
Ugx0XmfZTnNFS9WKkEN4AaABAg,0,dIUTsFT2MeQ,"for some reason i am not able to import the data from github, is there a way that i can bring it in,  i tried doing it throght saving it as txt and then tried importing in the same way the presenter did it, however it did not work.",2021-11-23T08:20:07Z,Ali Alansari,https://yt3.ggpht.com/ytc/AKedOLRxvTiaby4z63rH_MoNU4N0FATUeJrjqqPCLg=s48-c-k-c0x00ffffff-no-rj
UgxILpnAxDzQOh6Fe7N4AaABAg,0,dIUTsFT2MeQ,"Thanks a lot, and please make the second part.",2021-11-22T03:13:29Z,Aren Ter-Balyan,https://yt3.ggpht.com/ytc/AKedOLShzBbOkJykZVEwbHe60bhCvN_eBItY9yF7SQ=s48-c-k-c0x00ffffff-no-rj
UgyI_SsYT6fq4ar9gZh4AaABAg,0,dIUTsFT2MeQ,We r eagerlly waiting for second clip,2021-11-16T07:30:47Z,aisimplified,https://yt3.ggpht.com/ytc/AKedOLTlIOoP_8xxIhz_V6us9KRpYpneEBO5ZjfFIbeuatBIkeiL6lKsaAIpeQIwvo1i=s48-c-k-c0x00ffffff-no-rj
UgxMU7Pa5pspW1gIeLV4AaABAg,0,dIUTsFT2MeQ,hoping to see the second part soon,2021-11-12T16:22:49Z,Rob Cz,https://yt3.ggpht.com/ytc/AKedOLRhmZ3LmUzdUBpZG4xcrVjSlhBiOYFwe8SZnru9=s48-c-k-c0x00ffffff-no-rj
Ugwu-c02p3vL1cyl2OJ4AaABAg,0,dIUTsFT2MeQ,"Yes! Please, definitely make a second part. I teach in the Humanities (college literature and creative writing classes), and I'm actively searching for tools I can use for creative experiments with texts.",2021-11-09T23:58:51Z,Family Plate,https://yt3.ggpht.com/ytc/AKedOLQ4Eh_GXRKTAIWqV--lsuoWmAyNpEty2Z8vxxKqQLA=s48-c-k-c0x00ffffff-no-rj
UgzwhYPU_9qDO6X_zMt4AaABAg,0,dIUTsFT2MeQ,is it possible to do text processing for multiple columns in the dataset ?,2021-11-06T15:37:07Z,Bhanu priyatham,https://yt3.ggpht.com/ytc/AKedOLS9-iU5xzk4yIpu81GnDM-i6dZL66p0C9drtpeyYA=s48-c-k-c0x00ffffff-no-rj
UgzLIW8GD3Q_eY29r8F4AaABAg,0,dIUTsFT2MeQ,intrested in part 2,2021-11-06T03:23:12Z,ItsMeOjasX,https://yt3.ggpht.com/fFWZ__TTSn4LwXMNNYfLQ34Mlpr8J_W5FthJVD71KgL0t5N8VqO-3PxNTUGKqjB7sTCEyBgMvA=s48-c-k-c0x00ffffff-no-rj
UgzrHCZ24L9dNTt5dRR4AaABAg,0,dIUTsFT2MeQ,Nice to see the connection of the real world and code because of NLP. Great to see real life implementations that are beneficial to humanity.,2021-11-04T14:17:58Z,Laurentius,https://yt3.ggpht.com/ytc/AKedOLRxNFAw6md16O68e6-w9nnVvn3aC5qqG9tBS3zdzAm81HkN0dwsPqVgi22MTLGW=s48-c-k-c0x00ffffff-no-rj
UgxkmybBIbe-4ZeW0Bl4AaABAg,0,dIUTsFT2MeQ,great video we are looking for the second part please,2021-10-30T12:13:33Z,Ammar Abu Zainah,https://yt3.ggpht.com/ytc/AKedOLRZ-GwqOBZRTNLbS4Y2VWfbVX6v5jIb3DoWFg=s48-c-k-c0x00ffffff-no-rj
UgxImmZJVlJSG6FwUFt4AaABAg,0,dIUTsFT2MeQ,Looking forward for Machine Learning aspects of Spacy.,2021-10-29T09:20:16Z,Venu Gudavalli,https://yt3.ggpht.com/ytc/AKedOLTeX_8I8hOyXsJvYoz10bNbHjDsQt4pKEWYFsOnxyY=s48-c-k-c0x00ffffff-no-rj
Ugw4EsalXRak8duv9I54AaABAg,0,dIUTsFT2MeQ,This video lesson was great. Looking forward to see the second part.,2021-10-26T12:09:32Z,qutluq,https://yt3.ggpht.com/ytc/AKedOLQcZbI3YPHtn-RX5axrwYfRJvU4wDtlYSuEdBqxQQ=s48-c-k-c0x00ffffff-no-rj
UgxsbgWnyKBJcLQqWIR4AaABAg,0,dIUTsFT2MeQ,"Could not install packages due to an EnvironmentError: [WinError 5] Access is denied: 'c:\\programdata\\anaconda3\\lib\\site-packages\\__pycache__\\zipp.cpython-37.pyc'
Consider using the `--user` option or check the permissions.

Hi digital humanities , i got this error what is the solution",2021-10-24T23:49:31Z,raj m,https://yt3.ggpht.com/ytc/AKedOLQrr9AgODGTIwOD-PhspmUjbL9b3s3NWYZtGQ=s48-c-k-c0x00ffffff-no-rj
UgyOj5hD49anMDuPc014AaABAg,0,dIUTsFT2MeQ,I'm definitely interested in the ML aspects of spaCy) Thank you very much for the video!,2021-10-23T11:44:40Z,Roman,https://yt3.ggpht.com/ytc/AKedOLRxWVypMldB3b0LlOKgKpJo9vDLcp8ruvrhKhelPA=s48-c-k-c0x00ffffff-no-rj
UgwUiucMfYwjONbJB4p4AaABAg,0,dIUTsFT2MeQ,Enjoyed This video waiting for part2.,2021-10-21T12:06:53Z,ANUMULA KARTHIK REDDY,https://yt3.ggpht.com/ytc/AKedOLRwyejJVFKg1O8kzh23lx5sbZsKqQxIuCijsgyTew=s48-c-k-c0x00ffffff-no-rj
UgyiLzLb16Mq3dNGZlp4AaABAg,0,dIUTsFT2MeQ,where can we find these datasets?,2021-10-20T12:30:17Z,Ayush Saxena,https://yt3.ggpht.com/ytc/AKedOLQlNRTxKAl3Pz6pM8IMa7hUCWoK7AYMwN9iACT2ow=s48-c-k-c0x00ffffff-no-rj
UgzgI0Fi1X0LdfipPxF4AaABAg,0,dIUTsFT2MeQ,"Hi Sir, why i cannot use this command in google colab?
1. ruler = nlp.add_pipe(""entity_ruler"")
2. ruler = nlp2.create_pipe(""entity_ruler"", before=""ner"")

I hope you can solve my issue. Thanks!",2021-10-20T03:09:19Z,Atikah Samin,https://yt3.ggpht.com/ytc/AKedOLSIPpnYSYkOadxO01dMPOvjoXO0c6Y96UaqtsTWAg=s48-c-k-c0x00ffffff-no-rj
UgzgI0Fi1X0LdfipPxF4AaABAg.9ThXgv40kZD9ThYeVeOHsX,UgzgI0Fi1X0LdfipPxF4AaABAg,dIUTsFT2MeQ,"And also i cannot analyze the pipe using colab either:
nlp.analyze_pipes()",2021-10-20T03:17:43Z,Atikah Samin,https://yt3.ggpht.com/ytc/AKedOLSIPpnYSYkOadxO01dMPOvjoXO0c6Y96UaqtsTWAg=s48-c-k-c0x00ffffff-no-rj
Ugzlb-OhiN2sQKogafp4AaABAg,0,dIUTsFT2MeQ,eagerly waiting for the second part..please upload it soon...,2021-10-18T13:11:01Z,siddharth yadav,https://yt3.ggpht.com/ytc/AKedOLRsaIEaLKv01SvEvJ6H-hIMP3BHmkOi9b2awT2iLg=s48-c-k-c0x00ffffff-no-rj
Ugxk9dBDuRvoeUsdNWx4AaABAg,0,dIUTsFT2MeQ,this video is so engaging...,2021-10-17T11:26:16Z,Miguel Nuno,https://yt3.ggpht.com/HdjSM7GO8dy-Pb-P5MGrhVRNwA8CZiEBbSryUHixhdFYFor0nyEtliKQTZtQi32ROB3MhHLzlg=s48-c-k-c0x00ffffff-no-rj
Ugyl6PGFtXW1zZIi8WV4AaABAg,0,dIUTsFT2MeQ,"You're a wizard, W.J.B. Mattingly! Sincerely yours, a stan",2021-10-15T23:13:37Z,T T,https://yt3.ggpht.com/ytc/AKedOLROuwefajalQ4J7yXILcGJfe6TELFtLZ7bPaQ=s48-c-k-c0x00ffffff-no-rj
UgxtA_6yt51ZfRLRFfp4AaABAg,0,dIUTsFT2MeQ,Can't wait for Part 2,2021-10-13T19:45:19Z,Superdooperhero,https://yt3.ggpht.com/ytc/AKedOLS1-Aeb7fEOw_6NnC9D9S6UYGP1kP4OLjiMyQ=s48-c-k-c0x00ffffff-no-rj
UgwI2DFU6DFkjSSSl6p4AaABAg,0,dIUTsFT2MeQ,"im getting an error early on at 22:40 for opening up the first text file 
---------------------------------------------------------------------------
FileNotFoundError                         Traceback (most recent call last)
<ipython-input-13-595a3dc4d644> in <module>
----> 1 with open (""data/wiki_us.txt"", ""r"") as f:
      2     text = f.read()

FileNotFoundError: [Errno 2] No such file or directory: 'data/wiki_us.txt'

anyone know why? i am running jupyter notebooks via anaconda on a 2021 MacBook pro M1",2021-10-10T02:55:06Z,OdorousPayload,https://yt3.ggpht.com/ytc/AKedOLSS7NJXM6UAzGqPEGQMlUAHUb-Ew0IU3ShzIuUJ=s48-c-k-c0x00ffffff-no-rj
UgyatzZTWYpSn5Yvk6R4AaABAg,0,dIUTsFT2MeQ,"1:27:45 I am getting AttributeError: 'NoneType' object has no attribute 'add_patterns'
Can anyone help me with this",2021-10-09T08:16:46Z,Bachina Murali Krishna,https://yt3.ggpht.com/ytc/AKedOLSx53lTxYQCQbgJUlfPUDuSYw0aOWmQaobh_Q=s48-c-k-c0x00ffffff-no-rj
UgzHbLynRI8QWeMywE14AaABAg,0,dIUTsFT2MeQ,Yes we want second part of this video,2021-10-09T05:50:54Z,Tejaswita Wakhure,https://yt3.ggpht.com/-rw9KRXdomuiuzUpwOwNKtLoGe4fvfSuMcN68fa4Z0LF28gYqcQaf1w1f6aXWGALkqt6BXSR1g=s48-c-k-c0x00ffffff-no-rj
Ugxj1oWHmpV538emoIt4AaABAg,0,dIUTsFT2MeQ,Where i can get the datasets ?,2021-10-08T11:52:03Z,Proto Troy,https://yt3.ggpht.com/ytc/AKedOLSm3aioIaF5pej2GpFyXZaFquyTRCgJoKyzOktK=s48-c-k-c0x00ffffff-no-rj
UgwFOS1riQgj6639bNV4AaABAg,0,dIUTsFT2MeQ,Please make the second video,2021-10-05T09:16:46Z,Jrorion 8,https://yt3.ggpht.com/ytc/AKedOLSNgvZ3rvHhcOlr_nZ6BM0hKf5_zMuq5SsbeQqFSw=s48-c-k-c0x00ffffff-no-rj
UgzPcHXmZBw0DzmOqDJ4AaABAg,0,dIUTsFT2MeQ,Thanks,2021-10-05T08:55:39Z,Sheshank Joshi,https://yt3.ggpht.com/ytc/AKedOLRM4WLQ1FPTQ5QvzOED-15z_wnv87SSmr8DuwHBIw=s48-c-k-c0x00ffffff-no-rj
UgzWwN_CsaBoF-iRj1R4AaABAg,0,dIUTsFT2MeQ,"Is there anyway I can donate to your channel ? You are the reason I could excel in my projects and landed with the job. I would like to express gratitude.

(edit) : Okay, I found it out. My Bad.. I just did. Thanks again guys. Cheers.",2021-10-05T08:53:44Z,Sheshank Joshi,https://yt3.ggpht.com/ytc/AKedOLRM4WLQ1FPTQ5QvzOED-15z_wnv87SSmr8DuwHBIw=s48-c-k-c0x00ffffff-no-rj
Ugw0UxwEg3Oj1W6-5jh4AaABAg,0,dIUTsFT2MeQ,Can u please tell how to build pipeline in spacy for some language,2021-10-05T03:34:25Z,Sugandhi Verma,https://yt3.ggpht.com/ytc/AKedOLQmCTrRQgwtZ7eJTiPauO5PcaVza4f4O0RIAMHO=s48-c-k-c0x00ffffff-no-rj
UgzVhZELKscEVIwpoZR4AaABAg,0,dIUTsFT2MeQ,Can I input a morphologically tagged input to output syntactically tree?,2021-10-04T17:42:10Z,Israa elhosiny,https://yt3.ggpht.com/ytc/AKedOLR34NpntB-NzVyqj20doT7VSqY1eCVtl-5ZxQ=s48-c-k-c0x00ffffff-no-rj
UgxP9iGKx4g1raA2KE54AaABAg,0,dIUTsFT2MeQ,waiting for part 2,2021-10-03T05:38:27Z,mani s,https://yt3.ggpht.com/ytc/AKedOLQAFaTySQUANn6BX2c1jiqJfpWrJLeH6y0MYmBlSA=s48-c-k-c0x00ffffff-no-rj
UgxuFaI2vi1jTUzXZzd4AaABAg,0,dIUTsFT2MeQ,Do I need to learn Machine Learning before NLP?,2021-10-02T15:37:37Z,Thecardtrickstudent,https://yt3.ggpht.com/ytc/AKedOLTwPHDE_68agOr-8YRmOM9dPHiYPWa6GzAOMg=s48-c-k-c0x00ffffff-no-rj
UgxuFaI2vi1jTUzXZzd4AaABAg.9T-X0uKKwVV9TE_27MJIG_,UgxuFaI2vi1jTUzXZzd4AaABAg,dIUTsFT2MeQ,For sure,2021-10-08T11:52:36Z,Proto Troy,https://yt3.ggpht.com/ytc/AKedOLSm3aioIaF5pej2GpFyXZaFquyTRCgJoKyzOktK=s48-c-k-c0x00ffffff-no-rj
UgxyHWg9EQFJT_n8x_14AaABAg,0,dIUTsFT2MeQ,"Why I cannot run the following?
I cannot find where the repository contain.

 with open (""data/wiki_us.txt"", ""r"") as f:
        text = f.read()",2021-10-02T15:34:50Z,Weewee,https://yt3.ggpht.com/ytc/AKedOLT_bgGWsQhh_VlSJrQBKYzQ6GIXcM4jTn-BAQ=s48-c-k-c0x00ffffff-no-rj
UgxyHWg9EQFJT_n8x_14AaABAg.9T-WhTYI6w89_xmtE-qhKG,UgxyHWg9EQFJT_n8x_14AaABAg,dIUTsFT2MeQ,"You must clone the repository first.
open the website in the description, click on the github button on the top right (pretty hard to find tbh) will link to the repository
clone the repository then you can run the existing notebook file or create a new one",2022-04-18T10:18:25Z,Lộc Trần,https://yt3.ggpht.com/ytc/AKedOLSesXE7UFEeBlYyuDo0mCZzXTcbX0orqXl9y815WQ=s48-c-k-c0x00ffffff-no-rj
UgxyHWg9EQFJT_n8x_14AaABAg.9T-WhTYI6w89XrOd7R9lsC,UgxyHWg9EQFJT_n8x_14AaABAg,dIUTsFT2MeQ,@Bernard Montgomery no,2022-01-31T09:08:08Z,Weewee,https://yt3.ggpht.com/ytc/AKedOLT_bgGWsQhh_VlSJrQBKYzQ6GIXcM4jTn-BAQ=s48-c-k-c0x00ffffff-no-rj
UgxyHWg9EQFJT_n8x_14AaABAg.9T-WhTYI6w89XrOHp5kEQ1,UgxyHWg9EQFJT_n8x_14AaABAg,dIUTsFT2MeQ,"@Weewee did you encounter the error:"" 'gbk' codec can't decode byte 0x93 in position 1186: illegal multibyte sequence "" ?",2022-01-31T09:05:06Z,Bernard Montgomery,https://yt3.ggpht.com/ytc/AKedOLTBmXTYNbt9My2mnlnenZ-G85V3vWSbkGpEg4E3=s48-c-k-c0x00ffffff-no-rj
UgxyHWg9EQFJT_n8x_14AaABAg.9T-WhTYI6w89XJ-hSO0HIs,UgxyHWg9EQFJT_n8x_14AaABAg,dIUTsFT2MeQ,did you find a solution ?,2022-01-17T15:16:51Z,furkan firatli,https://yt3.ggpht.com/ytc/AKedOLTz8eZ3A77iqhJhZAyOdour7IflH9I6HC-9SSblYQ=s48-c-k-c0x00ffffff-no-rj
UgyOhEntr4vBVW162914AaABAg,0,dIUTsFT2MeQ,Thank you! interested in part 2.,2021-10-02T10:33:01Z,Abdelkader Bensaid,https://yt3.ggpht.com/ytc/AKedOLQo0EA2TbghYVnbDTTPdERn8DTRePOlSC5S59wV=s48-c-k-c0x00ffffff-no-rj
UgzwMhxmwCjtUS0toPR4AaABAg.9SxldhgDEUl9Szz1NM6mhP,UgzwMhxmwCjtUS0toPR4AaABAg,dIUTsFT2MeQ,The field of NLP is applicable to most languages that follow a set of formal language grammar.,2021-10-02T10:31:51Z,Abdelkader Bensaid,https://yt3.ggpht.com/ytc/AKedOLQo0EA2TbghYVnbDTTPdERn8DTRePOlSC5S59wV=s48-c-k-c0x00ffffff-no-rj
UgxuMYZdtB0OG-H3aWd4AaABAg,0,dIUTsFT2MeQ,Really fascinating and accessible.  Thank you.,2021-10-01T09:13:05Z,Vincent Fulco,https://yt3.ggpht.com/ytc/AKedOLRuSL3FDVkBBCd17-4FLcJqyy1ciQPjE1lcgaSZ494=s48-c-k-c0x00ffffff-no-rj
UgxhQ1pxp39u_ffgNJt4AaABAg,0,dIUTsFT2MeQ,Definitely interested in part2 of this course <3,2021-10-01T08:40:55Z,Rakshit Sakhuja,https://yt3.ggpht.com/ytc/AKedOLStOTObdE-4uNigPuPmv9gCofWbwZ4CLd-B3AOFJQ=s48-c-k-c0x00ffffff-no-rj
UgzBuQA5nEshzOft92R4AaABAg,0,dIUTsFT2MeQ,Thanks!,2021-10-01T04:14:24Z,zeenkie,https://yt3.ggpht.com/ytc/AKedOLTlv_bD7be0VYTsw91o-szRD6u5y-OEHuoMvA=s48-c-k-c0x00ffffff-no-rj
UgyOiam8XoI1PsWZanZ4AaABAg,0,dIUTsFT2MeQ,Billllyyyy! What's up!,2021-09-29T19:53:33Z,B.,https://yt3.ggpht.com/ytc/AKedOLT4JqtBvWiDnXlET7PmiMkADDOoL26-RrLaVYCG=s48-c-k-c0x00ffffff-no-rj
UgyOiam8XoI1PsWZanZ4AaABAg.9StFvk-wgrA9TPwRGPOjan,UgyOiam8XoI1PsWZanZ4AaABAg,dIUTsFT2MeQ,Brandon?,2021-10-12T21:48:40Z,Python Tutorials for Digital Humanities,https://yt3.ggpht.com/ytc/AKedOLRzf9DjDet6VmtezIEN0wc_RAS9U21tSFFriCe8tQ=s48-c-k-c0x00ffffff-no-rj
UgzGShpUGcercGbyDbN4AaABAg,0,dIUTsFT2MeQ,Thanks!,2021-09-29T13:23:25Z,Jay Ghiya,https://yt3.ggpht.com/ytc/AKedOLRW3XUku1snv4rYyCXNxBR3VbxQTLxq2m3jDlGtG5M=s48-c-k-c0x00ffffff-no-rj
UgynEfOUxXYYAZ3gx7V4AaABAg,0,dIUTsFT2MeQ,Anyone has the file of alice.json? Please help share. Thanks a bunch.,2021-09-29T12:26:01Z,Joseph Zhang,https://yt3.ggpht.com/ytc/AKedOLRQ_xVvmTaLj1owAOSzBuB_qW_3wC-P1vH4NQ=s48-c-k-c0x00ffffff-no-rj
UgyWKFLcMP9q9JrdnZF4AaABAg,0,dIUTsFT2MeQ,"<I respect your work mate, because you are pointing people in the right direction. If there is one thing I have learned in recent months, it is to remain calm, especially when it comes to investments in cryptocurrencies. Learn not to sell in a panic when everything goes down and not to buy in euphoria when everything goes up. I advise y'all to forget predictions and start making a good profit now because future valuations are all speculations and guesses.The market is very unstable and you can't tell if it's going bearish or bullish.While myself and others are trad!n without fear of making a loss others are being patient for the price to skyrocket. It all depends on the pattern you follow. I was able to make 6 BTC from 2.1 BTC in just August from implementing trades with tips and info from Ann Bargy",2021-09-29T00:02:18Z,Lorenzo,https://yt3.ggpht.com/G5d-My5uPbxAq9BwU2rez0C556ewQOOVJSo7T6FgOA06e5Tg8h7u8lLvNxCBjNQvvsua77np=s48-c-k-c0x00ffffff-no-rj
UgyWKFLcMP9q9JrdnZF4AaABAg.9Sr7amQtDCT9Sr9yNJXliM,UgyWKFLcMP9q9JrdnZF4AaABAg,dIUTsFT2MeQ,"@Isaac Waterfield You make a valid point. However technical analysis started in China thousands of years ago. Wall Street still had buffalo on it.
There are definitely some features that I have used to spot things to investigate. 
Stop losses, buy orders and sell orders are clustered in areas and manifest as support and resistance  by accident or design.",2021-09-29T00:23:00Z,Maria zito,https://yt3.ggpht.com/KPRc9yyH-BMHIST9gLnx3-iiOFRvRCozeTRXIGgy7J6ygzPHey-5SBwV39Kb7pYvDNisuBBX46k=s48-c-k-c0x00ffffff-no-rj
UgyWKFLcMP9q9JrdnZF4AaABAg.9Sr7amQtDCT9Sr9trJl8_K,UgyWKFLcMP9q9JrdnZF4AaABAg,dIUTsFT2MeQ,Technical Analysis sounds like a self fulfilling prophecy in as far as if people believe in it they will act accordingly and if most people on wall street believe in it thay will act to make it happen.Since they are the majority players it would follow that they are indeed buying and selling on the basis of technical analysis and therefore the rest of us see this emerging correlation.,2021-09-29T00:22:23Z,Isaac Waterfield,https://yt3.ggpht.com/etn08dmVoYVe0DQqJuz15r-4FN5nCjzoUmqBwNs6NUGiThz00R5QXAMvPazq0YOaeFQoayzh=s48-c-k-c0x00ffffff-no-rj
UgyWKFLcMP9q9JrdnZF4AaABAg.9Sr7amQtDCT9Sr9qwgbcyB,UgyWKFLcMP9q9JrdnZF4AaABAg,dIUTsFT2MeQ,it is really refreshing to see a comment about Ann Bargy. got a chance to benefit from her services  a few months ago and it has been a very smooth experience.,2021-09-29T00:21:59Z,Matthew Haddon,https://yt3.ggpht.com/stiyE-JyeaVdsR_2rfBKYSX7nguRi8hJ3uemhl_mHfw47bO1dOpTygNzzwLuXII0m0VOoVOabg=s48-c-k-c0x00ffffff-no-rj
UgyWKFLcMP9q9JrdnZF4AaABAg.9Sr7amQtDCT9Sr8_TcoloA,UgyWKFLcMP9q9JrdnZF4AaABAg,dIUTsFT2MeQ,"I think I've heard this woman mentioned several times in the office. I know she is a pro trqder, but how do you do business with her?",2021-09-29T00:10:51Z,Jasmine,https://yt3.ggpht.com/O1Qm-tjM7GjU-AVjawgOd_ZWpNt0RePj3WMThv9P8nXBA26_tBV3WVBCBU-3yqhPHgnTXi2_jQ=s48-c-k-c0x00ffffff-no-rj
Ugw3fzmgurKKGE7-h2p4AaABAg,0,dIUTsFT2MeQ,"Software Project in python..comment for source code..
See u ll love ittt

https://youtu.be/Y9yej-loNiM",2021-09-28T07:02:07Z,SoftCode by SK,https://yt3.ggpht.com/m-cz7HckRCrIEljahW-CcXWsPBel15prwDi2UN1dFaong5oynONUVqcmi4J4SJGi76dnNDmUAIE=s48-c-k-c0x00ffffff-no-rj
UgyVgx2yWaSmFlxXbDt4AaABAg,0,dIUTsFT2MeQ,"Software application Project in python..comment for source code

https://youtu.be/Y9yej-loNiM",2021-09-28T07:01:45Z,SoftCode by SK,https://yt3.ggpht.com/m-cz7HckRCrIEljahW-CcXWsPBel15prwDi2UN1dFaong5oynONUVqcmi4J4SJGi76dnNDmUAIE=s48-c-k-c0x00ffffff-no-rj
UgzXWAfoF2H8onl-qxR4AaABAg,0,dIUTsFT2MeQ,Again you steal my YouTube history.,2021-09-28T06:52:53Z,__________________________________________________,https://yt3.ggpht.com/f3UJN-s5T3vob99-kzpeVv_ScpwgXXmYEZJQa2IoZ41-mhi67ueoLh2gmoo7ZcGN_mgOMZC4srI=s48-c-k-c0x00ffffff-no-rj
UgzwDkK799PHqxo77Md4AaABAg,0,dIUTsFT2MeQ,"The market is growing daily with new strategies and trading opportunities financial empowerment is our everyday chase and Expert Castrol Ferdinand  has proven to be a part of of this mission, his strategy is the best",2021-09-28T01:47:49Z,Sammy bob,https://yt3.ggpht.com/cOEi7VJITRUIA4Vmol8jkoyMEWWyQo6F5uH5bUhDw57qVy9E67JYiUPdbS3ERyEbIyvbAUKxEA=s48-c-k-c0x00ffffff-no-rj
UgzwDkK799PHqxo77Md4AaABAg.9SojsjT0N7c9SoqFTr3gPP,UgzwDkK799PHqxo77Md4AaABAg,dIUTsFT2MeQ,"And with Bitcoin price expected to reach $100,000 to as much as $1 million per BTC, it's never too late to get started trading Bitcoin.",2021-09-28T02:43:29Z,Rayom,https://yt3.ggpht.com/Ge5_KradGYxyGL1mPeqKC3QxnFnhRurNZ2_u1Rdw_dzvhGfZvm0eSEhEdJCGhOXN_feCp9q0LQ=s48-c-k-c0x00ffffff-no-rj
UgxYbjq17YkwuJ9eTSN4AaABAg,0,dIUTsFT2MeQ,This tutorial is so freaking inspiring to me. NLP is so exciting and I'd love to integrate it with machine learning!!!!,2021-09-27T20:41:54Z,andrijor,https://yt3.ggpht.com/ytc/AKedOLTtqbv1r2JHWDqDreR34Ya1k9HirOIXj807Q3MO=s48-c-k-c0x00ffffff-no-rj
UgxYbjq17YkwuJ9eTSN4AaABAg.9SoBs7QBrxI9VonTAmz3pO,UgxYbjq17YkwuJ9eTSN4AaABAg,dIUTsFT2MeQ,@andrijor indeed! I am still working on it. Between the textbook and the video it takes a while to make. I am hoping to have it ready in early January.,2021-12-11T15:53:19Z,Python Tutorials for Digital Humanities,https://yt3.ggpht.com/ytc/AKedOLRzf9DjDet6VmtezIEN0wc_RAS9U21tSFFriCe8tQ=s48-c-k-c0x00ffffff-no-rj
UgxYbjq17YkwuJ9eTSN4AaABAg.9SoBs7QBrxI9Vomud9_45U,UgxYbjq17YkwuJ9eTSN4AaABAg,dIUTsFT2MeQ,"@Python Tutorials for Digital Humanities Hi hi, any updates on part 2? I hope everything's ok :)",2021-12-11T15:48:28Z,andrijor,https://yt3.ggpht.com/ytc/AKedOLTtqbv1r2JHWDqDreR34Ya1k9HirOIXj807Q3MO=s48-c-k-c0x00ffffff-no-rj
UgxYbjq17YkwuJ9eTSN4AaABAg.9SoBs7QBrxI9SoE-0xC0Qm,UgxYbjq17YkwuJ9eTSN4AaABAg,dIUTsFT2MeQ,Thanks! Good to know. I think I will start planning it this week.,2021-09-27T21:00:27Z,Python Tutorials for Digital Humanities,https://yt3.ggpht.com/ytc/AKedOLRzf9DjDet6VmtezIEN0wc_RAS9U21tSFFriCe8tQ=s48-c-k-c0x00ffffff-no-rj
UgxYbjq17YkwuJ9eTSN4AaABAg.9SoBs7QBrxI9SoCNy8OTvB,UgxYbjq17YkwuJ9eTSN4AaABAg,dIUTsFT2MeQ,I'd be 100% down to watch a tutorial with part 2!!!!!,2021-09-27T20:46:23Z,andrijor,https://yt3.ggpht.com/ytc/AKedOLTtqbv1r2JHWDqDreR34Ya1k9HirOIXj807Q3MO=s48-c-k-c0x00ffffff-no-rj
Ugx0Vu88qqKsy6OlIRx4AaABAg,0,dIUTsFT2MeQ,1/3 of the video until now.who is like me?,2021-09-27T19:49:02Z,Jo 0050,https://yt3.ggpht.com/ytc/AKedOLSihZhZ54tp6Je6dFqzYbws_IO7GQgpWdnVBo0l=s48-c-k-c0x00ffffff-no-rj
UgyJk0Ox3qzZZ2pqQl54AaABAg,0,dIUTsFT2MeQ,"Hey I have problem. I would be glad if someone could help. While I'm typing command 'python -m spacy download en_core_wsb_sm' I get an error 'ImportError: cannot import name Deque', but I've done everything like was  said in tutorial. Please help.",2021-09-27T18:52:56Z,Filip Gacek,https://yt3.ggpht.com/ytc/AKedOLSH2AtmDegfAmfuTOVh6Uv8xwiq7GHtLHA7tA=s48-c-k-c0x00ffffff-no-rj
UgyJk0Ox3qzZZ2pqQl54AaABAg.9So-P-WddCv9Soj58aSQTP,UgyJk0Ox3qzZZ2pqQl54AaABAg,dIUTsFT2MeQ,That's the contact info of the expert that helped me out,2021-09-28T01:40:55Z,Ben.wats@pp➕ ⓵⓺⓵⓹⓸⓺⓵⓷⓺⓶⓸,https://yt3.ggpht.com/2Gxnekg2_3fpPFINmcbGcnbkOMzjJYN2fgI3lnLWfbuMAGeiHhrGPinj6P1SAKrrv5_F59WrntA=s48-c-k-c0x00ffffff-no-rj
UgxvVxhfbZ-kckHgsg94AaABAg,0,dIUTsFT2MeQ,"for 44:07 if it doesn;t work use 
`displacy.render(doc, style='dep', jupyter=True, options={'distance': 90})`
This command",2021-09-27T18:14:42Z,Kiran Chowdary,https://yt3.ggpht.com/ytc/AKedOLQnJnYI-OZSMTBAOyNzZrQ5yXwBLvvGpVt-bQ=s48-c-k-c0x00ffffff-no-rj
UgxvVxhfbZ-kckHgsg94AaABAg.9Snw0wrARfE9SpzNtPbxp4,UgxvVxhfbZ-kckHgsg94AaABAg,dIUTsFT2MeQ,it work for me,2021-09-28T13:22:31Z,__________________________________________________,https://yt3.ggpht.com/f3UJN-s5T3vob99-kzpeVv_ScpwgXXmYEZJQa2IoZ41-mhi67ueoLh2gmoo7ZcGN_mgOMZC4srI=s48-c-k-c0x00ffffff-no-rj
UgzUrym7IJnSc_Ya2LB4AaABAg,0,dIUTsFT2MeQ,How do you all keep topping your best on a regular basis?,2021-09-27T17:05:38Z,ColdBelowFroze,https://yt3.ggpht.com/ytc/AKedOLRfQPh1izS3IKXGSGE3Rsg0wHJ3Y1agGfH82wsc=s48-c-k-c0x00ffffff-no-rj
UgyghSLxa6hU7qT-vmB4AaABAg.9Snmfzo2n2p9SopmlPp6Jq,UgyghSLxa6hU7qT-vmB4AaABAg,dIUTsFT2MeQ,I will! Thanks for letting me know.,2021-09-28T02:39:26Z,Python Tutorials for Digital Humanities,https://yt3.ggpht.com/ytc/AKedOLRzf9DjDet6VmtezIEN0wc_RAS9U21tSFFriCe8tQ=s48-c-k-c0x00ffffff-no-rj
Ugx9dYuXHfKhNvD0J1x4AaABAg,0,dIUTsFT2MeQ,Please do part2 I badly need this tutorial,2021-09-27T16:10:32Z,Kiran Chowdary,https://yt3.ggpht.com/ytc/AKedOLQnJnYI-OZSMTBAOyNzZrQ5yXwBLvvGpVt-bQ=s48-c-k-c0x00ffffff-no-rj
Ugx9dYuXHfKhNvD0J1x4AaABAg.9SnhoY8HKds9SnzADVz9cZ,Ugx9dYuXHfKhNvD0J1x4AaABAg,dIUTsFT2MeQ,@Python Tutorials for Digital Humanities thanks man .you are a life saver,2021-09-27T18:42:10Z,Kiran Chowdary,https://yt3.ggpht.com/ytc/AKedOLQnJnYI-OZSMTBAOyNzZrQ5yXwBLvvGpVt-bQ=s48-c-k-c0x00ffffff-no-rj
Ugx9dYuXHfKhNvD0J1x4AaABAg.9SnhoY8HKds9SnxztGSGGM,Ugx9dYuXHfKhNvD0J1x4AaABAg,dIUTsFT2MeQ,Thanks for letting me know. I'll try it get it ready within the next few weeks.,2021-09-27T18:31:53Z,Python Tutorials for Digital Humanities,https://yt3.ggpht.com/ytc/AKedOLRzf9DjDet6VmtezIEN0wc_RAS9U21tSFFriCe8tQ=s48-c-k-c0x00ffffff-no-rj
UgxUy2WofVzefxc2lrx4AaABAg,0,dIUTsFT2MeQ,Bangers one after another. This channel is a treasure.,2021-09-27T15:54:42Z,Abhi Sheth,https://yt3.ggpht.com/ytc/AKedOLTWq74eJXay4jLAXzSnyNPtV7F5aSp71S9dNuLF=s48-c-k-c0x00ffffff-no-rj
Ugy9_ensa9fxab8Jx1N4AaABAg,0,dIUTsFT2MeQ,the fact he said (sit back and relax) but missed the (enjoy the show) really disappointed me :(,2021-09-27T15:09:48Z,History Rogue,https://yt3.ggpht.com/ytc/AKedOLTo0BbfJ4qY2EBTia4WgUzzcoyyk6nMzAtixmeg=s48-c-k-c0x00ffffff-no-rj
Ugy9_ensa9fxab8Jx1N4AaABAg.9SnarkUlfir9SnicvvM0xG,Ugy9_ensa9fxab8Jx1N4AaABAg,dIUTsFT2MeQ,12:07 he said .but ya initially he missed it,2021-09-27T16:17:41Z,Kiran Chowdary,https://yt3.ggpht.com/ytc/AKedOLQnJnYI-OZSMTBAOyNzZrQ5yXwBLvvGpVt-bQ=s48-c-k-c0x00ffffff-no-rj
UgxNNVbqp7XB54eBj4N4AaABAg.9Sn_SaC_rXY9TRlLVcqZgH,UgxNNVbqp7XB54eBj4N4AaABAg,dIUTsFT2MeQ,"Hi, can you tell where can i find the repository for the data?",2021-10-13T14:50:14Z,MUHAMMAD Sanwal,https://yt3.ggpht.com/ytc/AKedOLRCkoLbPZXr0wPRVf1Z9eb8DmugrMuVSFIpClnNozY=s48-c-k-c0x00ffffff-no-rj
UgxCxUW6_ppDhJzGvqN4AaABAg,0,dIUTsFT2MeQ,I feel like one day python will replace every language out there.,2021-09-27T14:47:47Z,Syllight,https://yt3.ggpht.com/ytc/AKedOLQVbYq8zjixFq6W78FPJjT0VHU7sjHzzSPVealnYw=s48-c-k-c0x00ffffff-no-rj
UgxCxUW6_ppDhJzGvqN4AaABAg.9SnZLSsqpMf9Sp5Q25x4SH,UgxCxUW6_ppDhJzGvqN4AaABAg,dIUTsFT2MeQ,"@Syllight yeah i agree , the overall support python gets is far better and the community is really responsive",2021-09-28T05:04:44Z,Ash Goku,https://yt3.ggpht.com/ytc/AKedOLSgR3Ham16GIXHf-JFdtchUBf_zdlrgR_lzTCcd=s48-c-k-c0x00ffffff-no-rj
UgxCxUW6_ppDhJzGvqN4AaABAg.9SnZLSsqpMf9Snc0Qe1Gqa,UgxCxUW6_ppDhJzGvqN4AaABAg,dIUTsFT2MeQ,"@Ash Goku Yes, but anything else other than python is the best choice considering the ease of use, lager set of libraries, and the fact you can focus on the actual project than worrying about syntax and other stuff.",2021-09-27T15:19:51Z,Syllight,https://yt3.ggpht.com/ytc/AKedOLQVbYq8zjixFq6W78FPJjT0VHU7sjHzzSPVealnYw=s48-c-k-c0x00ffffff-no-rj
UgxCxUW6_ppDhJzGvqN4AaABAg.9SnZLSsqpMf9Sn_Sk-tekq,UgxCxUW6_ppDhJzGvqN4AaABAg,dIUTsFT2MeQ,Nothing can replace the OG languages lol . Python may be easy to learn and understand but it's really slow when it comes to computing . The raw speed c offers is insane,2021-09-27T14:57:30Z,Ash Goku,https://yt3.ggpht.com/ytc/AKedOLSgR3Ham16GIXHf-JFdtchUBf_zdlrgR_lzTCcd=s48-c-k-c0x00ffffff-no-rj
UgyqqiHVJXDqMLny6Wt4AaABAg,0,dIUTsFT2MeQ,yes,2021-09-27T14:27:31Z,Felix JH,https://yt3.ggpht.com/s58O450GUzAbt2mJrczXSPUz-4pOYjqoF4HUX70JyGeWPagliZcy_fvaSHZgR9U-WGHrn1Gl2Q=s48-c-k-c0x00ffffff-no-rj
UgzawzOX8oVeGm8QEAt4AaABAg,0,dIUTsFT2MeQ,This is 10th comment,2021-09-27T14:16:54Z,FrossKnight,https://yt3.ggpht.com/ytc/AKedOLRkRVv2q_eYZ8CsOEejbNoBxlSkk22b09X349rbJg=s48-c-k-c0x00ffffff-no-rj
Ugy60EAkT7k3qNarCFh4AaABAg,0,dIUTsFT2MeQ,"this is absurd, opened yt for NLP videos and it was uploaded 1 sec ago.",2021-09-27T14:14:30Z,Varun Nayyar,https://yt3.ggpht.com/ytc/AKedOLREFpRKLz19q3ffM6x4VKa4v94D4JJsXAW7BMUP3w=s48-c-k-c0x00ffffff-no-rj
Ugy60EAkT7k3qNarCFh4AaABAg.9SnVXfw-GI89WE-IvHv_1H,Ugy60EAkT7k3qNarCFh4AaABAg,dIUTsFT2MeQ,@Avnish Panwar this channel is a boon,2021-12-21T20:05:46Z,Varun Nayyar,https://yt3.ggpht.com/ytc/AKedOLREFpRKLz19q3ffM6x4VKa4v94D4JJsXAW7BMUP3w=s48-c-k-c0x00ffffff-no-rj
Ugy60EAkT7k3qNarCFh4AaABAg.9SnVXfw-GI89SnWCshDA-Y,Ugy60EAkT7k3qNarCFh4AaABAg,dIUTsFT2MeQ,Happened to me for a deep learning course.,2021-09-27T14:20:23Z,Avnish Panwar,https://yt3.ggpht.com/ytc/AKedOLTS8LjNU49TUQZlRuvg5ZEI0I3X3DccFjW9ZQ-p=s48-c-k-c0x00ffffff-no-rj
UgyTYePxeVpnCJYnD-h4AaABAg,0,dIUTsFT2MeQ,I feel like YouTube and Google is spying on what I say in my chats lol.,2021-09-27T14:13:26Z,Keston Smith,https://yt3.ggpht.com/ytc/AKedOLTyBQrCjn1pxZ0O4mwUQnsjWf3sgYVqZQYwYeVF2A=s48-c-k-c0x00ffffff-no-rj
UgyTYePxeVpnCJYnD-h4AaABAg.9SnVPr9q58Z9Snje29Zuz1,UgyTYePxeVpnCJYnD-h4AaABAg,dIUTsFT2MeQ,google does that lol.,2021-09-27T16:26:34Z,33KK,https://yt3.ggpht.com/ytc/AKedOLRc0ubV0C353SrTIcfn9I14RaVlQdN2Hu_x1Qt2fg=s48-c-k-c0x00ffffff-no-rj
UgwbKECBuEMbfVlFKDJ4AaABAg,0,dIUTsFT2MeQ,Nice,2021-09-27T14:12:41Z,LOOK AT MY PROFILE PICTUE,https://yt3.ggpht.com/gR4VeqmKqKSmdf_PYq8wCF2uF9L1tW-pa9n1uOEkHukBWGn5kcwFlZZfYqk-jyfYbaoNtRkUBw=s48-c-k-c0x00ffffff-no-rj
Ugx_2wVIIbEy8XUIy-x4AaABAg.9SnVKL3A1ns9SnVOluQAph,Ugx_2wVIIbEy8XUIy-x4AaABAg,dIUTsFT2MeQ,"Man give yourself a medal.. Go ahead, do it",2021-09-27T14:13:16Z,Jasjeet Singh,https://yt3.ggpht.com/ytc/AKedOLRokH0UW_saRFXrvtzhAGPkDaYlITcdtfPDW7f17Q=s48-c-k-c0x00ffffff-no-rj
